{
  "dependencies": {
    "appInsights1": {
      "type": "appInsights.sdk"
    },
    "storage1": {
      "type": "storage.emulator",
      "connectionId": "AzureWebJobsStorage"
    },
    "secrets1": {
      "type": "secrets.user"
    },
    "storage2": {
      "secretStore": "LocalSecretsFile",
      "resourceId": "/subscriptions/[parameters('subscriptionId')]/resourceGroups/[parameters('resourceGroupName')]/providers/Microsoft.Storage/storageAccounts/channelvideos",
      "type": "storage.azure",
      "connectionId": "DefaultEndpointsProtocol=https;AccountName=channelvideos;AccountKey=ahgmskCf3JcwGZ7MIVjjMoN8NQvevvMADBE2W2x1XzlYldKvem8Zy9tr6Ew2Kzw03mrEt6T0Wzvo+AStZR4Acg==;EndpointSuffix=core.windows.net",
      "dynamicId": null
    }
  }
}