{
  "dependencies": {
    "appInsights1": {
      "type": "appInsights"
    },
    "storage1": {
      "type": "storage",
      "connectionId": "AzureWebJobsStorage"
    },
    "secrets1": {
      "type": "secrets"
    },
    "storage2": {
      "type": "storage",
      "connectionId": "DefaultEndpointsProtocol=https;AccountName=channelvideos;AccountKey=ahgmskCf3JcwGZ7MIVjjMoN8NQvevvMADBE2W2x1XzlYldKvem8Zy9tr6Ew2Kzw03mrEt6T0Wzvo+AStZR4Acg==;EndpointSuffix=core.windows.net",
      "dynamicId": null
    }
  }
}